addr,pwrite,data,psel,penable,pready,label
40,0,9626,1,1,1,0
194,1,6670,1,1,1,0
196,0,48844,1,1,1,0
54,0,44597,1,1,1,0
40,0,52493,1,1,1,0
96,1,37633,1,1,1,0
223,0,56816,1,1,1,0
32,1,56228,1,1,1,0
20,0,51937,1,1,1,0
188,0,36844,1,1,1,0
143,0,27215,1,1,1,0
180,1,33822,1,1,1,0
253,1,3616,1,1,1,0
39,0,25066,1,1,1,0
235,1,3427,1,1,1,0
106,0,24387,1,1,1,0
112,0,9062,1,1,1,0
18,1,58110,1,1,1,0
21,1,59428,1,1,1,0
51,1,23782,1,1,1,0
69,1,43465,1,1,1,0
111,1,42006,1,1,1,0
59,0,39884,1,1,1,0
29,0,24099,1,1,1,0
58,0,48566,1,1,1,0
61,0,63815,1,1,1,0
64,0,19480,1,1,1,0
73,1,31837,1,1,1,0
157,0,2350,1,1,1,0
158,0,58691,1,1,1,0
31,1,17937,1,1,1,0
233,0,59306,1,1,1,0
142,0,3436,1,1,1,0
162,0,48027,1,1,1,0
227,1,37310,1,1,1,0
67,0,4861,1,1,1,0
84,0,15112,1,1,1,0
44,0,17866,1,1,1,0
208,1,20667,1,1,1,0
194,1,57189,1,1,1,0
243,1,64990,1,1,1,0
48,1,46521,1,1,1,0
47,1,9630,1,1,1,0
38,1,47369,1,1,1,0
207,0,31629,1,1,1,0
38,1,33880,1,1,1,0
43,0,9056,1,1,1,0
133,1,28438,1,1,1,0
232,1,30871,1,1,1,0
162,1,57049,1,1,1,0
191,0,40786,1,1,1,0
17,0,28605,1,1,1,0
124,1,46939,1,1,1,0
200,1,21207,1,1,1,0
9,0,21227,1,1,1,0
92,1,62728,1,1,1,0
246,1,50964,1,1,1,0
130,1,29164,1,1,1,0
161,0,28067,1,1,1,0
131,0,22373,1,1,1,0
64,0,40439,1,1,1,0
195,0,5648,1,1,1,0
81,0,10367,1,1,1,0
41,1,40484,1,1,1,0
113,1,64766,1,1,1,0
164,0,50711,1,1,1,0
165,1,25224,1,1,1,0
228,0,10175,1,1,1,0
120,0,42599,1,1,1,0
227,1,56384,1,1,1,0
184,0,44312,1,1,1,0
118,1,12971,1,1,1,0
188,0,58403,1,1,1,0
244,1,4452,1,1,1,0
13,1,29173,1,1,1,0
0,1,24069,1,1,1,0
177,0,2363,1,1,1,0
147,0,59850,1,1,1,0
142,0,39250,1,1,1,0
137,1,21968,1,1,1,0
188,0,45918,1,1,1,0
232,0,28229,1,1,1,0
230,0,35009,1,1,1,0
239,1,11686,1,1,1,0
245,1,26406,1,1,1,0
223,0,61757,1,1,1,0
18,1,38583,1,1,1,0
173,0,8417,1,1,1,0
207,0,48872,1,1,1,0
162,0,34175,1,1,1,0
95,1,55331,1,1,1,0
126,0,13021,1,1,1,0
146,0,32349,1,1,1,0
156,1,9919,1,1,1,0
186,0,61507,1,1,1,0
141,0,57806,1,1,1,0
111,1,5323,1,1,1,0
238,0,2712,1,1,1,0
13,1,5885,1,1,1,0
32,0,20624,1,1,1,0
225,0,30146,1,1,1,0
90,0,1128,1,1,1,0
17,0,46491,1,1,1,0
204,1,1794,1,1,1,0
140,0,7516,1,1,1,0
92,1,51508,1,1,1,0
1,1,41033,1,1,1,0
136,0,38528,1,1,1,0
148,1,5864,1,1,1,0
16,1,64841,1,1,1,0
58,0,38815,1,1,1,0
74,1,50097,1,1,1,0
15,1,65266,1,1,1,0
46,1,40242,1,1,1,0
67,1,57119,1,1,1,0
253,0,31429,1,1,1,0
31,0,8414,1,1,1,0
175,0,64769,1,1,1,0
216,1,15771,1,1,1,0
41,0,63541,1,1,1,0
57,0,6289,1,1,1,0
234,0,2730,1,1,1,0
173,0,15651,1,1,1,0
193,0,64768,1,1,1,0
201,0,8609,1,1,1,0
66,0,22627,1,1,1,0
246,0,10577,1,1,1,0
180,1,64921,1,1,1,0
134,0,29479,1,1,1,0
132,0,49748,1,1,1,0
33,1,1447,1,1,1,0
163,1,44231,1,1,1,0
92,1,2423,1,1,1,0
248,1,13051,1,1,1,0
161,0,13845,1,1,1,0
144,1,29078,1,1,1,0
33,1,34481,1,1,1,0
134,0,21528,1,1,1,0
230,0,37403,1,1,1,0
209,1,29377,1,1,1,0
99,0,22325,1,1,1,0
31,0,30248,1,1,1,0
82,1,34839,1,1,1,0
101,1,36285,1,1,1,0
219,1,5591,1,1,1,0
156,1,1693,1,1,1,0
27,1,55796,1,1,1,0
7,0,55100,1,1,1,0
53,0,55697,1,1,1,0
186,0,22846,1,1,1,0
97,1,13193,1,1,1,0
61,0,37543,1,1,1,0
209,0,28225,1,1,1,0
237,0,58122,1,1,1,0
86,1,44404,1,1,1,0
16,1,2692,1,1,1,0
130,0,62014,1,1,1,0
165,0,54642,1,1,1,0
81,0,47491,1,1,1,0
182,0,25065,1,1,1,0
113,0,45398,1,1,1,0
131,1,33315,1,1,1,0
101,0,14556,1,1,1,0
228,1,2090,1,1,1,0
172,0,51189,1,1,1,0
127,0,52761,1,1,1,0
193,1,62318,1,1,1,0
83,1,56568,1,1,1,0
254,0,3075,1,1,1,0
154,0,28411,1,1,1,0
174,0,26455,1,1,1,0
60,0,36755,1,1,1,0
26,1,4843,1,1,1,0
32,1,40604,1,1,1,0
174,1,36700,1,1,1,0
242,1,33807,1,1,1,0
104,1,38811,1,1,1,0
222,0,40293,1,1,1,0
77,1,18293,1,1,1,0
6,0,32057,1,1,1,0
107,0,11865,1,1,1,0
23,1,23739,1,1,1,0
51,0,58759,1,1,1,0
206,1,58925,1,1,1,0
124,0,27999,1,1,1,0
10,1,36461,1,1,1,0
104,1,36238,1,1,1,0
120,1,6648,1,1,1,0
62,1,1217,1,1,1,0
249,0,13887,1,1,1,0
2,1,31577,1,1,1,0
115,0,9813,1,1,1,0
160,1,16839,1,1,1,0
136,1,61865,1,1,1,0
233,1,32069,1,1,1,0
23,0,16352,1,1,1,0
111,0,57874,1,1,1,0
172,0,14517,1,1,1,0
225,1,26267,1,1,1,0
226,1,39665,1,1,1,0
13,0,15266,1,1,1,0
110,1,51100,1,1,1,0
54,0,46375,1,1,1,0
82,0,24659,1,1,1,0
187,0,42441,1,1,1,0
156,0,63394,1,1,1,0
39,0,25969,1,1,1,0
208,1,58438,1,1,1,0
179,0,44098,1,1,1,0
6,1,5778,1,1,1,0
126,0,62674,1,1,1,0
53,1,1317,1,1,1,0
123,1,38920,1,1,1,0
103,1,16430,1,1,1,0
153,1,23110,1,1,1,0
180,1,34648,1,1,1,0
81,0,19776,1,1,1,0
131,1,30585,1,1,1,0
80,1,62421,1,1,1,0
161,0,2731,1,1,1,0
161,1,38269,1,1,1,0
111,1,45097,1,1,1,0
195,0,24294,1,1,1,0
148,1,7159,1,1,1,0
99,0,1774,1,1,1,0
211,1,50389,1,1,1,0
210,0,36486,1,1,1,0
40,1,52517,1,1,1,0
125,0,53766,1,1,1,0
214,0,17048,1,1,1,0
40,0,33458,1,1,1,0
171,1,6560,1,1,1,0
71,0,55112,1,1,1,0
50,0,61849,1,1,1,0
16,0,6730,1,1,1,0
58,1,34363,1,1,1,0
49,0,55852,1,1,1,0
240,1,51960,1,1,1,0
61,0,10963,1,1,1,0
224,1,40515,1,1,1,0
64,1,733,1,1,1,0
169,1,15516,1,1,1,0
21,1,51533,1,1,1,0
223,0,3257,1,1,1,0
228,1,10502,1,1,1,0
250,1,6815,1,1,1,0
231,0,3591,1,1,1,0
25,1,12053,1,1,1,0
64,1,52011,1,1,1,0
72,1,1481,1,1,1,0
120,1,43471,1,1,1,0
45,1,4605,1,1,1,0
242,1,63546,1,1,1,0
165,1,5091,1,1,1,0
35,1,34296,1,1,1,0
40,0,24572,1,1,1,0
55,1,33131,1,1,1,0
82,1,20897,1,1,1,0
160,0,64880,1,1,1,0
251,0,10842,1,1,1,0
207,1,21317,1,1,1,0
7,1,54791,1,1,1,0
143,1,57268,1,1,1,0
230,1,55498,1,1,1,0
156,0,25404,1,1,1,0
45,0,577,1,1,1,0
125,1,11730,1,1,1,0
189,0,1025,1,1,1,0
188,1,11381,1,1,1,0
105,1,25930,1,1,1,0
213,0,19598,1,1,1,0
86,0,17678,1,1,1,0
114,1,31254,1,1,1,0
14,1,10183,1,1,1,0
112,1,49190,1,1,1,0
177,1,10762,1,1,1,0
162,0,33802,1,1,1,0
29,0,19089,1,1,1,0
234,0,522,1,1,1,0
114,0,36372,1,1,1,0
217,0,16033,1,1,1,0
34,1,58478,1,1,1,0
149,0,58204,1,1,1,0
59,1,1165,1,1,1,0
224,0,39663,1,1,1,0
25,1,30025,1,1,1,0
38,1,37438,1,1,1,0
189,1,24343,1,1,1,0
85,0,17902,1,1,1,0
73,0,58089,1,1,1,0
166,0,64081,1,1,1,0
85,1,40520,1,1,1,0
84,1,37876,1,1,1,0
44,1,62585,1,1,1,0
231,1,3285,1,1,1,0
56,0,54597,1,1,1,0
131,1,16785,1,1,1,0
234,1,20752,1,1,1,0
165,1,31767,1,1,1,0
95,1,52880,1,1,1,0
141,1,11941,1,1,1,0
56,0,20300,1,1,1,0
61,0,42318,1,1,1,0
29,0,36308,1,1,1,0
222,0,50504,1,1,1,0
179,0,14187,1,1,1,0
209,1,3117,1,1,1,0
144,0,21792,1,1,1,0
228,1,49288,1,1,1,0
215,0,1648,1,1,1,0
116,0,25316,1,1,1,0
139,1,54311,1,1,1,0
152,0,1880,1,1,1,0
16,0,36894,1,1,1,0
252,0,42778,1,1,1,0
213,1,51755,1,1,1,0
67,0,58156,1,1,1,0
21,1,28396,1,1,1,0
200,1,19095,1,1,1,0
231,1,25061,1,1,1,0
45,0,13966,1,1,1,0
124,1,28638,1,1,1,0
53,1,7627,1,1,1,0
196,1,32940,1,1,1,0
16,0,43012,1,1,1,0
98,0,47260,1,1,1,0
212,0,20233,1,1,1,0
159,0,60497,1,1,1,0
6,1,18857,1,1,1,0
94,0,17919,1,1,1,0
5,1,55944,1,1,1,0
60,0,14480,1,1,1,0
119,0,19416,1,1,1,0
183,0,22442,1,1,1,0
3,1,33542,1,1,1,0
217,1,46269,1,1,1,0
11,1,10228,1,1,1,0
91,0,10125,1,1,1,0
164,1,34657,1,1,1,0
125,1,29082,1,1,1,0
152,0,21150,1,1,1,0
217,1,12681,1,1,1,0
167,0,37330,1,1,1,0
49,1,9385,1,1,1,0
46,0,32336,1,1,1,0
118,0,50618,1,1,1,0
195,0,60744,1,1,1,0
143,0,2718,1,1,1,0
201,1,43483,1,1,1,0
114,0,31866,1,1,1,0
59,1,4940,1,1,1,0
90,1,6223,1,1,1,0
237,0,42908,1,1,1,0
49,1,46393,1,1,1,0
110,0,1280,1,1,1,0
82,1,53720,1,1,1,0
1,0,52035,1,1,1,0
201,1,1370,1,1,1,0
89,1,42414,1,1,1,0
148,1,11441,1,1,1,0
58,0,35382,1,1,1,0
250,0,20502,1,1,1,0
49,1,12782,1,1,1,0
79,0,7833,1,1,1,0
18,1,60407,1,1,1,0
181,0,6109,1,1,1,0
169,0,15321,1,1,1,0
219,1,13481,1,1,1,0
218,0,3568,1,1,1,0
237,1,37965,1,1,1,0
211,0,4824,1,1,1,0
105,0,44141,1,1,1,0
7,1,6110,1,1,1,0
232,1,7553,1,1,1,0
189,0,45039,1,1,1,0
167,1,40454,1,1,1,0
120,0,14824,1,1,1,0
102,1,58573,1,1,1,0
18,1,59616,1,1,1,0
55,1,60565,1,1,1,0
59,1,32217,1,1,1,0
240,1,19382,1,1,1,0
209,0,5016,1,1,1,0
105,1,52205,1,1,1,0
58,0,56051,1,1,1,0
158,1,32831,1,1,1,0
125,1,45544,1,1,1,0
63,0,3794,1,1,1,0
251,1,26839,1,1,1,0
162,0,61274,1,1,1,0
167,1,35483,1,1,1,0
133,0,11037,1,1,1,0
99,0,13126,1,1,1,0
28,1,445,1,1,1,0
23,1,50209,1,1,1,0
0,1,60431,1,1,1,0
11,0,21408,1,1,1,0
195,1,47500,1,1,1,0
117,1,48240,1,1,1,0
130,1,2592,1,1,1,0
252,0,21319,1,1,1,0
251,1,22097,1,1,1,0
63,0,57285,1,1,1,0
28,1,112,1,1,1,0
154,0,53192,1,1,1,0
47,0,30743,1,1,1,0
69,1,48331,1,1,1,0
241,1,45439,1,1,1,0
80,0,48228,1,1,1,0
184,0,42426,1,1,1,0
220,0,49238,1,1,1,0
79,1,47080,1,1,1,0
243,0,10554,1,1,1,0
125,0,26480,1,1,1,0
43,0,45874,1,1,1,0
28,0,18216,1,1,1,0
206,0,5355,1,1,1,0
24,1,1461,1,1,1,0
151,0,35488,1,1,1,0
78,1,39961,1,1,1,0
195,0,27817,1,1,1,0
120,0,28079,1,1,1,0
195,1,12574,1,1,1,0
5,0,47601,1,1,1,0
23,0,53527,1,1,1,0
107,1,33637,1,1,1,0
72,0,44511,1,1,1,0
184,1,6938,1,1,1,0
152,0,13458,1,1,1,0
118,0,50550,1,1,1,0
195,1,26861,1,1,1,0
66,1,56954,1,1,1,0
21,1,47954,1,1,1,0
161,1,21986,1,1,1,0
171,0,52280,1,1,1,0
155,1,16729,1,1,1,0
85,0,46164,1,1,1,0
33,0,44627,1,1,1,0
90,1,19486,1,1,1,0
229,0,33405,1,1,1,0
129,0,23278,1,1,1,0
200,0,31114,1,1,1,0
188,0,33599,1,1,1,0
168,1,14269,1,1,1,0
56,1,50159,1,1,1,0
54,0,52140,1,1,1,0
71,0,39299,1,1,1,0
220,0,26737,1,1,1,0
107,1,41075,1,1,1,0
70,0,52417,1,1,1,0
100,0,30244,1,1,1,0
241,1,15463,1,1,1,0
232,0,3122,1,1,1,0
251,0,54218,1,1,1,0
248,1,12230,1,1,1,0
49,1,57384,1,1,1,0
217,1,47912,1,1,1,0
234,1,156,1,1,1,0
116,1,47453,1,1,1,0
211,0,15713,1,1,1,0
215,1,9835,1,1,1,0
73,0,35024,1,1,1,0
71,1,54811,1,1,1,0
35,0,42240,1,1,1,0
85,0,48855,1,1,1,0
47,1,34642,1,1,1,0
87,0,349,1,1,1,0
85,0,24183,1,1,1,0
216,0,25582,1,1,1,0
255,1,30747,1,1,1,0
244,0,7041,1,1,1,0
113,0,40477,1,1,1,0
5,1,8255,1,1,1,0
37,1,46722,1,1,1,0
54,0,43367,1,1,1,0
186,0,58445,1,1,1,0
49,1,23397,1,1,1,0
15,0,7966,1,1,1,0
160,1,51069,1,1,1,0
148,1,25365,1,1,1,0
26,0,787,1,1,1,0
209,1,26581,1,1,1,0
243,1,29507,1,1,1,0
90,1,4723,1,1,1,0
37,0,7150,1,1,1,0
132,1,1259,1,1,1,0
122,1,36193,1,1,1,0
86,0,58732,1,1,1,0
177,1,59269,1,1,1,0
230,0,27070,1,1,1,0
129,0,44978,1,1,1,0
120,1,30479,1,1,1,0
9,0,33198,1,1,1,0
228,1,28402,1,1,1,0
203,1,30513,1,1,1,0
229,1,29889,1,1,1,0
10,1,32396,1,1,1,0
64,0,35100,1,1,1,0
98,0,31302,1,1,1,0
121,1,62495,1,1,1,0
208,1,29799,1,1,1,0
121,0,27352,1,1,1,0
56,1,22724,1,1,1,0
179,1,31095,1,1,1,0
14,1,58296,1,1,1,0
220,0,56921,1,1,1,0
172,0,681,1,1,1,0
49,1,36550,1,1,1,0
207,0,23620,1,1,1,0
208,0,60378,1,1,1,0
180,0,43641,1,1,1,0
200,0,20911,1,1,1,0
155,0,16306,1,1,1,0
169,0,28177,1,1,1,0
221,0,51094,1,1,1,0
103,0,59071,1,1,1,0
46,0,57236,1,1,1,0
72,0,1525,1,1,1,0
148,0,50240,1,1,1,0
138,0,32356,1,1,1,0
77,1,45501,1,1,1,0
203,1,1758,1,1,1,0
158,0,4007,1,1,1,0
198,0,20369,1,1,1,0
24,1,25633,1,1,1,0
35,1,34918,1,1,1,0
26,1,48286,1,1,1,0
182,0,12127,1,1,1,0
166,1,46194,1,1,1,0
137,1,45036,1,1,1,0
220,0,5013,1,1,1,0
88,1,24438,1,1,1,0
155,1,33849,1,1,1,0
110,1,7930,1,1,1,0
36,0,19721,1,1,1,0
123,1,18590,1,1,1,0
102,1,46003,1,1,1,0
114,0,19835,1,1,1,0
10,1,21823,1,1,1,0
167,0,43661,1,1,1,0
188,1,13277,1,1,1,0
177,0,20529,1,1,1,0
154,0,21251,1,1,1,0
82,0,60349,1,1,1,0
107,1,38535,1,1,1,0
74,1,14808,1,1,1,0
100,1,23946,1,1,1,0
73,0,9877,1,1,1,0
0,0,59744,1,1,1,0
251,1,9978,1,1,1,0
130,1,22035,1,1,1,0
105,1,50498,1,1,1,0
212,0,23228,1,1,1,0
163,1,36628,1,1,1,0
182,1,23499,1,1,1,0
44,0,59755,1,1,1,0
215,0,1324,1,1,1,0
135,0,40973,1,1,1,0
6,0,32095,1,1,1,0
151,0,18365,1,1,1,0
80,1,46758,1,1,1,0
50,1,26125,1,1,1,0
1,0,32859,1,1,1,0
36,0,52846,1,1,1,0
86,1,12639,1,1,1,0
123,0,7550,1,1,1,0
177,1,33240,1,1,1,0
238,1,24712,1,1,1,0
86,1,42352,1,1,1,0
2,0,7371,1,1,1,0
112,0,55311,1,1,1,0
4,1,33894,1,1,1,0
147,0,52716,1,1,1,0
63,0,18543,1,1,1,0
155,1,21131,1,1,1,0
94,1,32427,1,1,1,0
13,0,56288,1,1,1,0
82,1,62109,1,1,1,0
249,1,18433,1,1,1,0
169,1,15420,1,1,1,0
130,0,33370,1,1,1,0
101,1,39705,1,1,1,0
38,1,47052,1,1,1,0
134,1,51873,1,1,1,0
11,1,32727,1,1,1,0
57,1,37300,1,1,1,0
99,1,4215,1,1,1,0
131,0,46478,1,1,1,0
136,1,26305,1,1,1,0
94,1,21289,1,1,1,0
69,1,5569,1,1,1,0
10,1,30789,1,1,1,0
149,1,37056,1,1,1,0
220,1,7026,1,1,1,0
231,1,5278,1,1,1,0
37,1,55157,1,1,1,0
237,1,36404,1,1,1,0
172,1,41408,1,1,1,0
86,0,50678,1,1,1,0
35,1,31170,1,1,1,0
227,0,31818,1,1,1,0
145,1,8840,1,1,1,0
7,0,18430,1,1,1,0
32,1,14749,1,1,1,0
174,0,33424,1,1,1,0
188,1,25022,1,1,1,0
102,1,30435,1,1,1,0
70,0,36565,1,1,1,0
46,0,37042,1,1,1,0
161,0,11828,1,1,1,0
244,0,60970,1,1,1,0
125,0,58205,1,1,1,0
34,0,13664,1,1,1,0
32,1,35722,1,1,1,0
251,1,38568,1,1,1,0
53,1,50473,1,1,1,0
108,0,23239,1,1,1,0
171,1,23382,1,1,1,0
140,1,10188,1,1,1,0
88,1,52904,1,1,1,0
89,1,34479,1,1,1,0
27,1,31552,1,1,1,0
243,0,36641,1,1,1,0
158,1,11558,1,1,1,0
220,0,21390,1,1,1,0
138,1,51902,1,1,1,0
89,1,56447,1,1,1,0
164,1,42057,1,1,1,0
155,0,59533,1,1,1,0
204,1,6754,1,1,1,0
46,0,23879,1,1,1,0
154,1,17468,1,1,1,0
95,1,53988,1,1,1,0
201,0,12701,1,1,1,0
134,0,43368,1,1,1,0
220,1,38125,1,1,1,0
153,0,32808,1,1,1,0
187,0,49432,1,1,1,0
28,0,60543,1,1,1,0
208,1,21615,1,1,1,0
102,1,53204,1,1,1,0
147,1,9868,1,1,1,0
92,1,13313,1,1,1,0
31,1,43837,1,1,1,0
85,1,53915,1,1,1,0
20,1,60020,1,1,1,0
146,0,56337,1,1,1,0
194,1,4128,1,1,1,0
52,1,4517,1,1,1,0
119,1,41701,1,1,1,0
15,0,51871,1,1,1,0
177,0,50319,1,1,1,0
125,1,55832,1,1,1,0
54,1,58128,1,1,1,0
67,0,48454,1,1,1,0
125,1,28425,1,1,1,0
195,0,45706,1,1,1,0
120,1,56045,1,1,1,0
127,0,17069,1,1,1,0
1,0,50775,1,1,1,0
114,0,54367,1,1,1,0
92,0,35386,1,1,1,0
61,1,13587,1,1,1,0
116,1,42942,1,1,1,0
221,0,31548,1,1,1,0
75,1,7840,1,1,1,0
37,1,21953,1,1,1,0
234,1,26062,1,1,1,0
95,0,11133,1,1,1,0
89,1,25160,1,1,1,0
93,0,60081,1,1,1,0
243,0,53085,1,1,1,0
191,0,16008,1,1,1,0
76,0,63148,1,1,1,0
198,0,35237,1,1,1,0
229,0,7573,1,1,1,0
87,0,2221,1,1,1,0
127,1,4586,1,1,1,0
173,1,14847,1,1,1,0
118,1,25177,1,1,1,0
229,1,25829,1,1,1,0
62,0,6881,1,1,1,0
159,1,7293,1,1,1,0
5,0,8494,1,1,1,0
102,1,64145,1,1,1,0
109,0,40428,1,1,1,0
103,0,46796,1,1,1,0
187,1,45973,1,1,1,0
77,0,12471,1,1,1,0
190,0,64913,1,1,1,0
23,1,31635,1,1,1,0
67,1,3601,1,1,1,0
245,1,16833,1,1,1,0
147,0,13570,1,1,1,0
14,0,45092,1,1,1,0
88,1,44698,1,1,1,0
147,1,65493,1,1,1,0
44,0,25012,1,1,1,0
215,0,49442,1,1,1,0
147,0,26122,1,1,1,0
0,1,62946,1,1,1,0
230,1,50403,1,1,1,0
59,0,22071,1,1,1,0
71,1,33481,1,1,1,0
170,1,3030,1,1,1,0
253,0,4752,1,1,1,0
7,0,8665,1,1,1,0
3,0,21843,1,1,1,0
95,1,20564,1,1,1,0
56,0,60647,1,1,1,0
0,0,37114,1,1,1,0
41,0,1651,1,1,1,0
153,1,13454,1,1,1,0
188,1,25043,1,1,1,0
48,1,20279,1,1,1,0
76,0,61757,1,1,1,0
117,0,1571,1,1,1,0
129,0,55376,1,1,1,0
214,1,35208,1,1,1,0
122,1,45903,1,1,1,0
159,1,43812,1,1,1,0
191,0,41648,1,1,1,0
180,1,45480,1,1,1,0
122,0,9070,1,1,1,0
87,1,47952,1,1,1,0
119,1,56218,1,1,1,0
237,0,39321,1,1,1,0
233,1,4473,1,1,1,0
124,1,54801,1,1,1,0
113,0,35327,1,1,1,0
104,0,15971,1,1,1,0
140,0,38607,1,1,1,0
172,0,51999,1,1,1,0
253,1,57167,1,1,1,0
154,1,36399,1,1,1,0
239,1,53136,1,1,1,0
89,1,23793,1,1,1,0
113,0,38585,1,1,1,0
242,1,64961,1,1,1,0
60,0,45748,1,1,1,0
10,0,5802,1,1,1,0
163,0,19030,1,1,1,0
59,0,38353,1,1,1,0
64,0,51030,1,1,1,0
98,0,18312,1,1,1,0
70,1,31687,1,1,1,0
78,0,46818,1,1,1,0
238,1,26551,1,1,1,0
209,1,59091,1,1,1,0
201,0,18691,1,1,1,0
155,1,5919,1,1,1,0
163,0,28051,1,1,1,0
31,0,57266,1,1,1,0
75,0,34239,1,1,1,0
73,1,44181,1,1,1,0
42,1,64280,1,1,1,0
179,0,12730,1,1,1,0
129,1,4502,1,1,1,0
54,0,55250,1,1,1,0
10,1,42359,1,1,1,0
108,0,59401,1,1,1,0
174,0,30436,1,1,1,0
118,0,61275,1,1,1,0
11,0,24718,1,1,1,0
204,0,25762,1,1,1,0
196,1,39172,1,1,1,0
170,0,7639,1,1,1,0
149,1,54631,1,1,1,0
55,1,31389,1,1,1,0
160,0,60162,1,1,1,0
218,0,60549,1,1,1,0
164,1,36600,1,1,1,0
4,0,10869,1,1,1,0
166,0,64987,1,1,1,0
74,0,30643,1,1,1,0
205,0,26662,1,1,1,0
7,1,36879,1,1,1,0
105,1,47403,1,1,1,0
242,1,16062,1,1,1,0
187,1,44329,1,1,1,0
225,0,31887,1,1,1,0
207,1,3359,1,1,1,0
203,0,36968,1,1,1,0
23,1,17454,1,1,1,0
37,1,24650,1,1,1,0
177,0,6625,1,1,1,0
233,1,63288,1,1,1,0
50,1,32441,1,1,1,0
129,1,13067,1,1,1,0
164,1,13303,1,1,1,0
2,1,65373,1,1,1,0
31,0,5294,1,1,1,0
22,1,55646,1,1,1,0
202,0,1945,1,1,1,0
132,1,59091,1,1,1,0
151,1,60027,1,1,1,0
222,1,15373,1,1,1,0
86,0,52668,1,1,1,0
180,1,55920,1,1,1,0
51,0,5078,1,1,1,0
163,0,31129,1,1,1,0
189,1,3527,1,1,1,0
104,0,5806,1,1,1,0
252,1,35327,1,1,1,0
195,1,10938,1,1,1,0
190,0,25320,1,1,1,0
115,0,215,1,1,1,0
43,1,30406,1,1,1,0
175,1,58119,1,1,1,0
29,0,56475,1,1,1,0
43,0,30514,1,1,1,0
185,0,33705,1,1,1,0
120,1,12347,1,1,1,0
221,1,62276,1,1,1,0
45,0,60082,1,1,1,0
200,0,64048,1,1,1,0
67,0,31846,1,1,1,0
18,0,10053,1,1,1,0
101,1,33404,1,1,1,0
184,0,61957,1,1,1,0
255,0,24720,1,1,1,0
11,1,24236,1,1,1,0
117,1,40402,1,1,1,0
197,1,28180,1,1,1,0
148,0,60731,1,1,1,0
70,1,53600,1,1,1,0
236,1,47412,1,1,1,0
190,1,34065,1,1,1,0
144,0,47110,1,1,1,0
95,1,39128,1,1,1,0
55,1,59526,1,1,1,0
233,0,14915,1,1,1,0
125,0,62228,1,1,1,0
138,1,26853,1,1,1,0
120,0,59525,1,1,1,0
8,1,42936,1,1,1,0
55,0,33858,1,1,1,0
164,1,33372,1,1,1,0
9,0,63243,1,1,1,0
176,0,24391,1,1,1,0
43,0,17954,1,1,1,0
11,0,50904,1,1,1,0
173,1,42059,1,1,1,0
145,0,1598,1,1,1,0
246,0,9304,1,1,1,0
170,1,62631,1,1,1,0
201,1,60737,1,1,1,0
32,1,23476,1,1,1,0
49,0,61892,1,1,1,0
147,0,38170,1,1,1,0
36,1,7008,1,1,1,0
27,1,27318,1,1,1,0
91,0,6262,1,1,1,0
90,0,4218,1,1,1,0
63,0,41812,1,1,1,0
56,1,14380,1,1,1,0
117,1,60803,1,1,1,0
242,0,14791,1,1,1,0
160,1,14267,1,1,1,0
188,1,30351,1,1,1,0
6,1,13212,1,1,1,0
192,0,18475,1,1,1,0
14,0,15789,1,1,1,0
55,0,54966,1,1,1,0
174,0,42433,1,1,1,0
138,1,20600,1,1,1,0
1,0,27084,1,1,1,0
169,1,55499,1,1,1,0
9,0,20824,1,1,1,0
0,0,35270,1,1,1,0
139,1,21912,1,1,1,0
99,1,53467,1,1,1,0
119,1,9011,1,1,1,0
222,1,26019,1,1,1,0
58,1,35406,1,1,1,0
241,1,11310,1,1,1,0
43,0,4531,1,1,1,0
38,1,61697,1,1,1,0
123,0,16971,1,1,1,0
144,1,8698,1,1,1,0
85,0,34989,1,1,1,0
12,1,52318,1,1,1,0
182,0,49338,1,1,1,0
255,1,53088,1,1,1,0
123,1,2155,1,1,1,0
35,1,20398,1,1,1,0
209,0,9800,1,1,1,0
30,0,21778,1,1,1,0
176,0,49724,1,1,1,0
71,0,63578,1,1,1,0
216,0,14044,1,1,1,0
21,0,27255,1,1,1,0
164,0,62722,1,1,1,0
127,1,55880,1,1,1,0
44,1,51722,1,1,1,0
240,0,1393,1,1,1,0
160,0,11966,1,1,1,0
115,1,22460,1,1,1,0
62,0,55130,1,1,1,0
236,0,59562,1,1,1,0
111,1,13568,1,1,1,0
136,1,64145,1,1,1,0
235,0,49114,1,1,1,0
12,1,30263,1,1,1,0
187,0,17922,1,1,1,0
91,1,29752,1,1,1,0
146,0,8191,1,1,1,0
147,0,57040,1,1,1,0
83,1,18603,1,1,1,0
55,0,44074,1,1,1,0
194,1,60072,1,1,1,0
129,0,53523,1,1,1,0
17,1,235,1,1,1,0
136,1,32031,1,1,1,0
222,0,18163,1,1,1,0
199,1,29736,1,1,1,0
48,1,55937,1,1,1,0
7,0,50018,1,1,1,0
44,0,25700,1,1,1,0
81,0,48783,1,1,1,0
144,1,8672,1,1,1,0
47,1,33238,1,1,1,0
197,0,25131,1,1,1,0
146,0,13854,1,1,1,0
200,0,55974,1,1,1,0
31,0,29220,1,1,1,0
5,1,59476,1,1,1,0
216,0,36187,1,1,1,0
22,0,64317,1,1,1,0
32,1,42402,1,1,1,0
131,0,32897,1,1,1,0
229,0,6291,1,1,1,0
77,1,27580,1,1,1,0
232,0,45731,1,1,1,0
188,1,41083,1,1,1,0
37,0,14000,1,1,1,0
96,0,32220,1,1,1,0
59,0,27077,1,1,1,0
36,0,61495,1,1,1,0
65,0,17531,1,1,1,0
94,1,46637,1,1,1,0
28,0,48352,1,1,1,0
107,0,35028,1,1,1,0
172,1,59866,1,1,1,0
187,1,10581,1,1,1,0
32,0,3760,1,1,1,0
58,1,17444,1,1,1,0
172,0,21504,1,1,1,0
213,0,33603,1,1,1,0
38,1,53607,1,1,1,0
70,0,1610,1,1,1,0
193,0,2843,1,1,1,0
191,1,57781,1,1,1,0
69,0,3228,1,1,1,0
15,1,3269,1,1,1,0
221,1,65230,1,1,1,0
217,0,46628,1,1,1,0
48,1,42693,1,1,1,0
142,1,34009,1,1,1,0
27,0,24006,1,1,1,0
96,1,30783,1,1,1,0
130,1,42783,1,1,1,0
160,0,41275,1,1,1,0
105,1,83,1,1,1,0
142,0,59032,1,1,1,0
76,1,49774,1,1,1,0
118,1,14917,1,1,1,0
30,0,35314,1,1,1,0
6,0,58847,1,1,1,0
50,0,37717,1,1,1,0
130,1,18344,1,1,1,0
104,0,63688,1,1,1,0
241,0,59728,1,1,1,0
176,1,32761,1,1,1,0
179,1,31442,1,1,1,0
171,0,24514,1,1,1,0
11,1,31918,1,1,1,0
104,1,18451,1,1,1,0
76,0,10882,1,1,1,0
228,0,61228,1,1,1,0
243,0,21075,1,1,1,0
125,1,53299,1,1,1,0
100,0,18670,1,1,1,0
95,0,53839,1,1,1,0
213,1,39125,1,1,1,0
209,1,13656,1,1,1,0
155,0,34211,1,1,1,0
52,0,60436,1,1,1,0
165,1,54130,1,1,1,0
142,0,34050,1,1,1,0
79,0,22411,1,1,1,0
189,1,56114,1,1,1,0
136,1,43593,1,1,1,0
40,0,41883,1,1,1,0
106,1,18845,1,1,1,0
116,0,334,1,1,1,0
226,1,46882,1,1,1,0
192,1,18677,1,1,1,0
108,1,8950,1,1,1,0
148,1,39121,1,1,1,0
454,1,17887,1,1,1,1
495,1,14634,1,1,1,1
366,0,57551,1,1,1,1
325,1,42566,1,1,1,1
327,0,62768,1,1,1,1
388,0,56378,1,1,1,1
494,0,11887,1,1,1,1
405,1,4702,1,1,1,1
348,0,31568,1,1,1,1
378,1,59515,1,1,1,1
363,0,24723,1,1,1,1
388,0,40108,1,1,1,1
454,0,44685,1,1,1,1
371,0,8307,1,1,1,1
392,0,44703,1,1,1,1
370,0,47649,1,1,1,1
314,1,35528,1,1,1,1
276,1,44624,1,1,1,1
264,0,2913,1,1,1,1
425,0,21024,1,1,1,1
413,1,39017,1,1,1,1
451,1,45803,1,1,1,1
296,0,60681,1,1,1,1
319,1,62215,1,1,1,1
466,0,55628,1,1,1,1
438,1,42846,1,1,1,1
463,1,21944,1,1,1,1
264,0,35167,1,1,1,1
321,1,57142,1,1,1,1
491,0,40031,1,1,1,1
406,1,44737,1,1,1,1
428,0,18013,1,1,1,1
295,1,38424,1,1,1,1
292,1,12069,1,1,1,1
407,1,32446,1,1,1,1
499,1,2804,1,1,1,1
462,1,27251,1,1,1,1
486,1,33585,1,1,1,1
274,1,61226,1,1,1,1
471,0,5424,1,1,1,1
483,1,18821,1,1,1,1
459,0,14540,1,1,1,1
307,1,58015,1,1,1,1
404,1,29189,1,1,1,1
429,1,45774,1,1,1,1
410,0,59363,1,1,1,1
386,1,35444,1,1,1,1
341,0,5000,1,1,1,1
452,0,31373,1,1,1,1
343,1,30992,1,1,1,1
346,1,54299,1,1,1,1
467,1,57919,1,1,1,1
280,0,8189,1,1,1,1
347,0,62714,1,1,1,1
313,1,4353,1,1,1,1
326,0,7583,1,1,1,1
334,0,10696,1,1,1,1
312,1,37596,1,1,1,1
473,1,27193,1,1,1,1
442,0,34612,1,1,1,1
401,0,16098,1,1,1,1
326,0,23109,1,1,1,1
355,1,27881,1,1,1,1
441,1,42415,1,1,1,1
399,1,41436,1,1,1,1
379,0,53640,1,1,1,1
288,0,17427,1,1,1,1
307,0,31545,1,1,1,1
332,0,56507,1,1,1,1
386,0,28803,1,1,1,1
384,1,33967,1,1,1,1
358,1,64559,1,1,1,1
294,0,7151,1,1,1,1
391,1,39568,1,1,1,1
435,0,60603,1,1,1,1
431,1,7377,1,1,1,1
258,1,10660,1,1,1,1
262,0,47051,1,1,1,1
454,0,30094,1,1,1,1
326,1,60864,1,1,1,1
446,0,7666,1,1,1,1
297,1,27365,1,1,1,1
305,1,23842,1,1,1,1
481,0,47569,1,1,1,1
329,0,34894,1,1,1,1
277,1,27615,1,1,1,1
338,0,6999,1,1,1,1
472,1,59041,1,1,1,1
391,0,54602,1,1,1,1
429,0,4691,1,1,1,1
388,1,1809,1,1,1,1
435,0,47126,1,1,1,1
414,1,50423,1,1,1,1
302,1,20375,1,1,1,1
316,1,6541,1,1,1,1
310,1,61458,1,1,1,1
381,1,61820,1,1,1,1
379,0,48791,1,1,1,1
372,1,17913,1,1,1,1
311,0,63593,1,1,1,1
430,0,54248,1,1,1,1
348,0,62242,1,1,1,1
268,1,40051,1,1,1,1
325,1,38055,1,1,1,1
467,1,20411,1,1,1,1
418,1,55345,1,1,1,1
498,1,5973,1,1,1,1
435,1,60134,1,1,1,1
428,1,56260,1,1,1,1
439,1,36347,1,1,1,1
329,1,62523,1,1,1,1
306,0,17350,1,1,1,1
392,0,35274,1,1,1,1
376,0,53719,1,1,1,1
263,1,40151,1,1,1,1
495,1,25749,1,1,1,1
478,0,52324,1,1,1,1
486,1,58201,1,1,1,1
285,0,29247,1,1,1,1
317,1,47106,1,1,1,1
310,0,57670,1,1,1,1
364,1,32227,1,1,1,1
287,0,21763,1,1,1,1
349,0,9157,1,1,1,1
377,1,51738,1,1,1,1
345,1,8831,1,1,1,1
442,1,16838,1,1,1,1
320,1,62229,1,1,1,1
290,1,57556,1,1,1,1
276,1,46307,1,1,1,1
486,1,21309,1,1,1,1
319,1,2728,1,1,1,1
286,1,4793,1,1,1,1
452,0,40064,1,1,1,1
378,1,22380,1,1,1,1
463,0,54168,1,1,1,1
450,0,39041,1,1,1,1
454,0,19514,1,1,1,1
263,1,24135,1,1,1,1
325,1,62321,1,1,1,1
393,0,32252,1,1,1,1
495,1,33739,1,1,1,1
477,1,12830,1,1,1,1
333,1,13831,1,1,1,1
424,1,32543,1,1,1,1
286,0,50859,1,1,1,1
496,0,45085,1,1,1,1
412,0,63705,1,1,1,1
391,0,38162,1,1,1,1
382,0,50348,1,1,1,1
269,0,50109,1,1,1,1
316,1,60105,1,1,1,1
400,0,28163,1,1,1,1
279,1,61664,1,1,1,1
457,1,11148,1,1,1,1
262,1,27266,1,1,1,1
324,1,14444,1,1,1,1
320,1,39217,1,1,1,1
493,0,47719,1,1,1,1
399,1,18695,1,1,1,1
443,1,52926,1,1,1,1
352,0,65441,1,1,1,1
437,1,58934,1,1,1,1
454,0,14318,1,1,1,1
325,1,34555,1,1,1,1
401,0,52807,1,1,1,1
457,0,56805,1,1,1,1
397,1,12784,1,1,1,1
411,1,1929,1,1,1,1
418,1,21115,1,1,1,1
415,0,12929,1,1,1,1
294,1,20128,1,1,1,1
413,0,37196,1,1,1,1
320,1,39662,1,1,1,1
436,1,38353,1,1,1,1
478,0,36821,1,1,1,1
261,1,58767,1,1,1,1
288,0,18563,1,1,1,1
465,1,19807,1,1,1,1
425,1,60242,1,1,1,1
442,0,12016,1,1,1,1
481,0,5214,1,1,1,1
410,1,35989,1,1,1,1
461,0,22877,1,1,1,1
443,1,22681,1,1,1,1
467,1,31536,1,1,1,1
299,0,30285,1,1,1,1
494,1,45576,1,1,1,1
393,0,23016,1,1,1,1
463,0,28575,1,1,1,1
380,0,63458,1,1,1,1
445,0,52387,1,1,1,1
378,1,48336,1,1,1,1
426,0,22378,1,1,1,1
497,1,3651,1,1,1,1
297,1,16091,1,1,1,1
403,1,52079,1,1,1,1
439,1,56860,1,1,1,1
463,0,64199,1,1,1,1
477,0,42010,1,1,1,1
469,1,14636,1,1,1,1
450,0,12997,1,1,1,1
359,1,41977,1,1,1,1
388,1,18816,1,1,1,1
354,1,33593,1,1,1,1
325,0,5173,1,1,1,1
381,1,16631,1,1,1,1
441,0,25493,1,1,1,1
341,1,60457,1,1,1,1
295,0,62230,1,1,1,1
271,1,3081,1,1,1,1
335,0,48054,1,1,1,1
388,0,53428,1,1,1,1
496,1,20441,1,1,1,1
471,1,21334,1,1,1,1
265,1,292,1,1,1,1
306,1,61244,1,1,1,1
444,0,58671,1,1,1,1
304,1,38480,1,1,1,1
485,1,46153,1,1,1,1
448,1,48592,1,1,1,1
339,1,19802,1,1,1,1
268,0,50899,1,1,1,1
269,0,17438,1,1,1,1
362,0,17341,1,1,1,1
432,0,2136,1,1,1,1
351,1,54903,1,1,1,1
330,0,38675,1,1,1,1
258,1,29159,1,1,1,1
274,0,26686,1,1,1,1
277,1,1792,1,1,1,1
301,1,21060,1,1,1,1
460,1,42563,1,1,1,1
278,0,40611,1,1,1,1
405,1,10068,1,1,1,1
438,0,27451,1,1,1,1
500,0,22360,1,1,1,1
414,1,56724,1,1,1,1
299,0,1272,1,1,1,1
446,0,51646,1,1,1,1
453,1,60289,1,1,1,1
327,0,27850,1,1,1,1
337,0,18866,1,1,1,1
411,0,39816,1,1,1,1
457,1,38219,1,1,1,1
263,0,52062,1,1,1,1
260,1,20278,1,1,1,1
277,0,60320,1,1,1,1
426,1,19783,1,1,1,1
327,0,14595,1,1,1,1
216,0,50679,1,0,1,2
106,0,38067,1,0,1,2
109,0,15012,1,0,1,2
220,1,59587,1,0,1,2
237,0,26635,1,0,1,2
221,0,15847,1,0,1,2
6,0,54192,1,0,1,2
126,1,42478,1,0,1,2
6,0,50953,1,0,1,2
165,0,44235,1,0,1,2
29,1,32914,1,0,1,2
134,1,29400,1,0,1,2
227,0,41488,1,0,1,2
27,1,58599,1,0,1,2
250,1,23987,1,0,1,2
80,0,38720,1,0,1,2
169,1,48522,1,0,1,2
161,1,22041,1,0,1,2
94,1,34117,1,0,1,2
184,1,4424,1,0,1,2
197,0,33777,1,0,1,2
184,0,6799,1,0,1,2
196,1,36349,1,0,1,2
117,0,3209,1,0,1,2
15,0,59751,1,0,1,2
166,0,36512,1,0,1,2
130,1,369,1,0,1,2
127,0,33835,1,0,1,2
203,0,2531,1,0,1,2
250,0,40778,1,0,1,2
102,1,20480,1,0,1,2
23,1,10976,1,0,1,2
102,1,53235,1,0,1,2
26,1,61756,1,0,1,2
205,0,48881,1,0,1,2
151,0,1909,1,0,1,2
202,1,50814,1,0,1,2
209,1,62245,1,0,1,2
138,0,64111,1,0,1,2
17,0,9725,1,0,1,2
53,0,23821,1,0,1,2
157,0,53821,1,0,1,2
113,1,53046,1,0,1,2
204,0,52637,1,0,1,2
197,1,24643,1,0,1,2
198,1,36197,1,0,1,2
205,0,13407,1,0,1,2
60,0,43647,1,0,1,2
58,0,2609,1,0,1,2
178,0,15716,1,0,1,2
46,0,60623,1,0,1,2
227,1,34624,1,0,1,2
169,0,61402,1,0,1,2
124,0,64241,1,0,1,2
248,1,47953,1,0,1,2
205,1,16885,1,0,1,2
98,0,28233,1,0,1,2
96,1,57557,1,0,1,2
197,1,26308,1,0,1,2
252,1,26954,1,0,1,2
233,0,49443,1,0,1,2
4,1,27243,1,0,1,2
173,0,2124,1,0,1,2
88,1,25278,1,0,1,2
73,0,37137,1,0,1,2
123,0,55608,1,0,1,2
59,1,50761,1,0,1,2
196,1,49509,1,0,1,2
198,1,46188,1,0,1,2
70,1,11060,1,0,1,2
33,0,28276,1,0,1,2
34,1,59335,1,0,1,2
126,0,58885,1,0,1,2
23,0,38671,1,0,1,2
159,0,21319,1,0,1,2
245,0,32352,1,0,1,2
35,1,25058,1,0,1,2
94,1,24577,1,0,1,2
53,0,26890,1,0,1,2
112,0,35727,1,0,1,2
43,0,54065,1,0,1,2
231,0,40642,1,0,1,2
113,0,6738,1,0,1,2
219,1,61395,1,0,1,2
136,1,27493,1,0,1,2
27,1,48092,1,0,1,2
149,1,21347,1,0,1,2
250,1,6548,1,0,1,2
219,0,32299,1,0,1,2
123,1,24410,1,0,1,2
148,1,46261,1,0,1,2
160,1,36626,1,0,1,2
90,0,47015,1,0,1,2
254,1,29135,1,0,1,2
181,0,33161,1,0,1,2
103,1,38981,1,0,1,2
159,1,10574,1,0,1,2
11,1,34523,1,0,1,2
227,0,49673,1,0,1,2
101,0,53880,1,0,1,2
125,0,21445,1,0,1,2
230,1,43806,1,0,1,2
79,0,43760,1,0,1,2
143,1,10466,1,0,1,2
11,1,42895,1,0,1,2
156,1,59185,1,0,1,2
96,1,43491,1,0,1,2
102,0,13906,1,0,1,2
118,1,42005,1,0,1,2
232,0,54853,1,0,1,2
140,1,52047,1,0,1,2
218,0,60904,1,0,1,2
8,1,48898,1,0,1,2
126,0,44726,1,0,1,2
159,1,36960,1,0,1,2
30,0,2473,1,0,1,2
122,0,56122,1,0,1,2
75,1,29986,1,0,1,2
146,1,13198,1,0,1,2
92,0,56875,1,0,1,2
50,1,22646,1,0,1,2
84,1,14122,1,0,1,2
124,1,7588,1,0,1,2
75,1,34191,1,0,1,2
105,0,49460,1,0,1,2
168,1,65447,1,0,1,2
135,0,31804,1,0,1,2
17,1,53628,1,0,1,2
35,1,63150,1,0,1,2
8,0,11363,1,0,1,2
172,0,21628,1,0,1,2
89,1,2585,1,0,1,2
44,0,58775,1,0,1,2
45,1,31995,1,0,1,2
138,0,59865,1,0,1,2
206,1,47460,1,0,1,2
227,0,10307,1,0,1,2
251,1,36845,1,0,1,2
225,1,8803,1,0,1,2
4,1,50274,1,0,1,2
66,1,3338,1,0,1,2
10,0,28424,1,0,1,2
77,1,29808,1,0,1,2
17,0,60983,1,0,1,2
153,1,13126,1,0,1,2
186,1,62182,1,0,1,2
131,1,38726,1,0,1,2
119,1,38914,1,0,1,2
141,1,12915,1,0,1,2
179,0,21165,1,0,1,2
15,0,37454,1,0,1,2
103,0,41729,1,0,1,2
42,0,22337,1,0,1,2
148,0,40521,1,0,1,2
121,1,31446,1,0,1,2
170,1,27713,1,0,1,2
124,0,37282,1,0,1,2
84,0,53398,1,0,1,2
10,0,56582,1,0,1,2
21,1,24528,1,0,1,2
84,1,15699,1,0,1,2
140,1,20293,1,0,1,2
61,1,55548,1,0,1,2
145,0,18570,1,0,1,2
245,1,51809,1,0,1,2
135,1,6288,1,0,1,2
209,0,49620,1,0,1,2
150,1,52799,1,0,1,2
10,0,11213,1,0,1,2
145,1,64877,1,0,1,2
149,0,53705,1,0,1,2
62,1,35531,1,0,1,2
238,1,22724,1,0,1,2
143,1,54503,1,0,1,2
243,1,10403,1,0,1,2
230,1,38024,1,0,1,2
204,0,51352,1,0,1,2
210,0,19103,1,0,1,2
53,0,64396,1,0,1,2
2,0,26242,1,0,1,2
72,0,11186,1,0,1,2
240,0,3807,1,0,1,2
43,0,4690,1,0,1,2
152,0,49293,1,0,1,2
30,0,18299,1,0,1,2
87,0,3966,1,0,1,2
38,1,54316,1,0,1,2
95,0,38735,1,0,1,2
44,0,12274,1,0,1,2
8,0,21658,1,0,1,2
226,1,37906,1,0,1,2
185,0,266,1,0,1,2
213,1,38577,1,0,1,2
18,1,46824,1,0,1,2
52,0,35362,1,0,1,2
79,0,50688,1,0,1,2
32,1,58920,1,0,1,2
250,0,14860,1,0,1,2
151,1,31421,1,0,1,2
253,1,23301,1,0,1,2
75,1,23923,1,0,1,2
237,0,21915,1,0,1,2
21,0,60807,1,0,1,2
7,1,29965,1,0,1,2
210,1,7789,1,0,1,2
4,0,17272,1,0,1,2
145,0,45265,1,0,1,2
127,1,15499,1,0,1,2
25,1,3420,1,0,1,2
93,0,26530,1,0,1,2
202,0,63991,1,0,1,2
29,0,33370,1,0,1,2
162,0,35567,1,0,1,2
99,1,15794,1,0,1,2
212,0,15314,1,0,1,2
243,1,49340,1,0,1,2
215,1,60981,1,0,1,2
55,0,47043,1,0,1,2
213,1,21463,1,0,1,2
219,1,55925,1,0,1,2
206,0,36631,1,0,1,2
112,1,43015,1,0,1,2
145,0,3482,1,0,1,2
138,1,20155,1,0,1,2
163,0,54468,1,0,1,2
204,1,49709,1,0,1,2
106,0,52343,1,0,1,2
0,0,63555,1,0,1,2
14,0,27020,1,0,1,2
114,1,46410,1,0,1,2
235,0,44001,1,0,1,2
34,0,37255,1,0,1,2
117,1,22610,1,0,1,2
53,1,52990,1,0,1,2
150,1,62046,1,0,1,2
213,0,65053,1,0,1,2
126,1,47610,1,0,1,2
127,0,43599,1,0,1,2
3,1,54781,1,0,1,2
197,0,23331,1,0,1,2
114,0,2491,1,0,1,2
95,1,29884,1,0,1,2
171,1,2216,1,0,1,2
238,0,64971,1,0,1,2
189,0,48759,1,0,1,2
199,1,60299,1,0,1,2
68,0,40774,1,0,1,2
35,0,4487,1,0,1,2
61,1,33110,1,0,1,2
165,0,23960,1,0,1,2
253,1,39523,0,1,1,3
134,1,37567,0,1,1,3
88,0,55244,0,1,1,3
87,1,51333,0,1,1,3
7,0,5058,0,1,1,3
176,0,26660,0,1,1,3
76,0,19582,0,1,1,3
121,1,39684,0,1,1,3
155,0,61419,0,1,1,3
188,0,10627,0,1,1,3
150,1,44140,0,1,1,3
14,0,26738,0,1,1,3
23,1,30469,0,1,1,3
57,1,14945,0,1,1,3
109,1,30684,0,1,1,3
93,1,49267,0,1,1,3
135,0,21698,0,1,1,3
216,0,15106,0,1,1,3
83,0,28614,0,1,1,3
156,1,33133,0,1,1,3
193,0,8465,0,1,1,3
71,0,46719,0,1,1,3
21,1,5424,0,1,1,3
12,0,24513,0,1,1,3
224,1,27320,0,1,1,3
248,1,42777,0,1,1,3
142,0,39907,0,1,1,3
194,0,17861,0,1,1,3
69,1,35958,0,1,1,3
70,1,13648,0,1,1,3
209,1,64296,0,1,1,3
226,0,62802,0,1,1,3
205,1,33604,0,1,1,3
201,0,62877,0,1,1,3
54,1,43591,0,1,1,3
48,1,23965,0,1,1,3
163,1,59847,0,1,1,3
173,0,30928,0,1,1,3
122,0,64263,0,1,1,3
203,0,48316,0,1,1,3
81,1,7039,0,1,1,3
252,0,22661,0,1,1,3
242,1,59644,0,1,1,3
64,0,36924,0,1,1,3
94,0,8729,0,1,1,3
159,0,20297,0,1,1,3
137,0,65426,0,1,1,3
82,0,4103,0,1,1,3
17,0,12931,0,1,1,3
195,1,28203,0,1,1,3
119,1,5417,0,1,1,3
1,1,8555,0,1,1,3
144,0,37320,0,1,1,3
178,1,7010,0,1,1,3
93,1,35165,0,1,1,3
124,1,38043,0,1,1,3
119,0,36472,0,1,1,3
44,1,48562,0,1,1,3
126,0,41938,0,1,1,3
183,1,22081,0,1,1,3
247,0,46972,0,1,1,3
148,0,12518,0,1,1,3
45,0,31154,0,1,1,3
41,1,48460,0,1,1,3
38,1,48474,0,1,1,3
156,1,63891,0,1,1,3
152,1,12070,0,1,1,3
209,1,57192,0,1,1,3
156,0,36590,0,1,1,3
235,0,53948,0,1,1,3
75,0,62651,0,1,1,3
51,0,56078,0,1,1,3
185,1,35707,0,1,1,3
52,0,1628,0,1,1,3
95,0,32353,0,1,1,3
213,0,18781,0,1,1,3
13,1,24362,0,1,1,3
243,1,40425,0,1,1,3
110,0,51665,0,1,1,3
253,1,38821,0,1,1,3
196,0,47921,0,1,1,3
209,0,44113,0,1,1,3
180,0,58118,0,1,1,3
139,1,10151,0,1,1,3
61,0,17009,0,1,1,3
50,0,23503,0,1,1,3
30,1,55329,0,1,1,3
195,0,43514,0,1,1,3
172,1,24525,0,1,1,3
181,1,47439,0,1,1,3
214,1,14705,0,1,1,3
70,0,62521,0,1,1,3
83,1,36673,0,1,1,3
117,0,65229,0,1,1,3
44,0,760,0,1,1,3
240,0,56619,0,1,1,3
195,0,54728,0,1,1,3
18,0,27781,0,1,1,3
255,0,60810,0,1,1,3
33,1,41985,0,1,1,3
60,1,52367,0,1,1,3
46,0,43880,0,1,1,3
185,1,39327,0,1,1,3
27,1,4912,0,1,1,3
153,1,12258,0,1,1,3
10,1,26382,0,1,1,3
248,0,27727,0,1,1,3
117,0,56827,0,1,1,3
149,1,6909,0,1,1,3
126,0,36165,0,1,1,3
248,0,47089,0,1,1,3
48,0,5682,0,1,1,3
27,1,2003,0,1,1,3
128,0,55056,0,1,1,3
113,1,48416,0,1,1,3
122,1,62035,0,1,1,3
29,0,6045,0,1,1,3
149,1,55210,0,1,1,3
111,0,28958,0,1,1,3
137,1,29334,0,1,1,3
217,0,9771,0,1,1,3
186,1,53393,0,1,1,3
244,1,25480,0,1,1,3
35,1,4949,0,1,1,3
145,0,608,0,1,1,3
6,1,23599,0,1,1,3
79,1,3668,0,1,1,3
112,0,12099,0,1,1,3
42,1,55649,0,1,1,3
77,1,43343,0,1,1,3
195,0,52526,0,1,1,3
5,0,24967,0,1,1,3
84,1,29259,0,1,1,3
147,0,37399,0,1,1,3
181,1,27192,0,1,1,3
136,0,60898,0,1,1,3
23,1,2686,0,1,1,3
224,1,19217,0,1,1,3
163,1,5492,0,1,1,3
176,1,25149,0,1,1,3
239,0,8031,0,1,1,3
236,0,17680,0,1,1,3
142,1,10220,0,1,1,3
170,0,9309,0,1,1,3
123,0,28275,0,1,1,3
32,0,63952,0,1,1,3
36,1,59730,0,1,1,3
124,0,62054,0,1,1,3
185,0,20944,0,1,1,3
101,1,14002,0,1,1,3
123,0,19768,0,1,1,3
205,0,56239,0,1,1,3
234,1,23241,0,1,1,3
169,0,15813,0,1,1,3
195,0,37843,0,1,1,3
234,1,55337,0,1,1,3
73,1,6838,0,1,1,3
191,0,31729,0,1,1,3
56,1,36619,0,1,1,3
58,1,46597,0,1,1,3
92,0,33581,0,1,1,3
193,0,40423,0,1,1,3
106,1,42440,0,1,1,3
161,0,7034,0,1,1,3
37,1,45462,0,1,1,3
50,1,16847,0,1,1,3
11,0,7885,0,1,1,3
247,1,36827,0,1,1,3
97,0,6328,0,1,1,3
72,0,35557,0,1,1,3
213,1,60473,0,1,1,3
197,1,10172,0,1,1,3
248,1,10512,0,1,1,3
153,1,30272,0,1,1,3
230,0,45198,0,1,1,3
108,1,57929,0,1,1,3
203,0,22796,0,1,1,3
229,1,55636,0,1,1,3
28,0,54401,0,1,1,3
216,0,7073,0,1,1,3
246,1,56685,0,1,1,3
191,0,36990,0,1,1,3
146,1,21012,0,1,1,3
100,1,34707,0,1,1,3
162,1,2958,0,1,1,3
74,0,21724,0,1,1,3
138,1,30339,0,1,1,3
241,1,19823,0,1,1,3
80,1,4462,0,1,1,3
43,1,30042,0,1,1,3
14,0,26726,0,1,1,3
84,1,31687,0,1,1,3
120,1,32450,0,1,1,3
200,0,24700,0,1,1,3
63,0,39533,0,1,1,3
51,0,1517,0,1,1,3
226,1,52939,0,1,1,3
109,0,55505,0,1,1,3
57,0,23872,0,1,1,3
165,1,56706,0,1,1,3
126,0,55479,0,1,1,3
187,0,5015,0,1,1,3
155,0,41259,0,1,1,3
97,0,36620,0,1,1,3
7,1,57831,0,1,1,3
72,0,29809,0,1,1,3
152,1,52880,0,1,1,3
184,0,4054,0,1,1,3
77,1,40758,0,1,1,3
141,1,23667,0,1,1,3
152,1,25133,0,1,1,3
198,0,36893,0,1,1,3
127,0,18119,0,1,1,3
4,1,7468,0,1,1,3
28,0,17390,0,1,1,3
10,1,45059,0,1,1,3
178,0,38464,0,1,1,3
129,1,42505,0,1,1,3
188,0,4258,0,1,1,3
250,1,38119,0,1,1,3
50,1,64699,0,1,1,3
88,1,23177,0,1,1,3
6,1,24096,0,1,1,3
105,0,60351,0,1,1,3
163,0,31847,0,1,1,3
196,0,43757,0,1,1,3
219,1,25478,0,1,1,3
219,0,7313,0,1,1,3
100,1,58949,0,1,1,3
236,1,50857,0,1,1,3
85,0,24796,0,1,1,3
134,0,21586,0,1,1,3
124,1,16635,0,1,1,3
178,1,51297,0,1,1,3
243,1,12262,0,1,1,3
123,1,12036,0,1,1,3
87,1,35113,0,1,1,3
71,1,46035,0,1,1,3
136,1,32678,0,1,1,3
167,0,11047,0,1,1,3
208,1,3869,0,1,1,3
31,1,64891,0,1,1,3
220,1,34048,0,1,1,3
221,0,34761,0,1,1,3
158,1,4283,0,1,1,3
35,0,47320,0,1,1,3
138,0,32626,0,1,1,3
181,0,44101,0,1,1,3
40,0,6717,0,1,1,3
53,1,17724,0,1,1,3
52,1,2444,1,1,0,4
171,0,6847,1,1,0,4
167,1,5647,1,1,0,4
62,0,27538,1,1,0,4
115,0,37584,1,1,0,4
117,0,19284,1,1,0,4
218,0,56853,1,1,0,4
15,1,58733,1,1,0,4
139,1,18468,1,1,0,4
246,1,36831,1,1,0,4
151,1,28395,1,1,0,4
155,0,28497,1,1,0,4
6,1,43099,1,1,0,4
217,1,64586,1,1,0,4
146,0,1369,1,1,0,4
208,0,29896,1,1,0,4
205,0,8445,1,1,0,4
141,0,56829,1,1,0,4
226,1,60176,1,1,0,4
225,1,15334,1,1,0,4
189,1,6826,1,1,0,4
230,0,54778,1,1,0,4
28,1,34249,1,1,0,4
251,1,37642,1,1,0,4
44,0,62688,1,1,0,4
221,0,42629,1,1,0,4
144,0,42051,1,1,0,4
75,1,2280,1,1,0,4
13,0,64910,1,1,0,4
49,1,62909,1,1,0,4
18,0,25144,1,1,0,4
3,0,37867,1,1,0,4
33,0,56541,1,1,0,4
184,0,54013,1,1,0,4
92,1,5263,1,1,0,4
83,1,25181,1,1,0,4
252,0,40238,1,1,0,4
181,1,46436,1,1,0,4
235,0,55567,1,1,0,4
51,0,2976,1,1,0,4
177,1,5640,1,1,0,4
247,0,57187,1,1,0,4
105,1,41211,1,1,0,4
216,1,4335,1,1,0,4
132,0,22959,1,1,0,4
47,1,65507,1,1,0,4
20,0,14793,1,1,0,4
50,0,45527,1,1,0,4
122,0,62062,1,1,0,4
91,1,1882,1,1,0,4
234,1,1562,1,1,0,4
225,0,11844,1,1,0,4
75,0,45321,1,1,0,4
131,1,22677,1,1,0,4
214,1,64432,1,1,0,4
85,0,61634,1,1,0,4
153,1,22325,1,1,0,4
143,1,56178,1,1,0,4
11,1,505,1,1,0,4
80,1,63139,1,1,0,4
175,0,44784,1,1,0,4
243,1,5855,1,1,0,4
228,1,56546,1,1,0,4
130,0,9893,1,1,0,4
224,0,57157,1,1,0,4
117,1,9901,1,1,0,4
26,1,24374,1,1,0,4
73,0,20198,1,1,0,4
27,1,6581,1,1,0,4
34,0,2047,1,1,0,4
171,1,7087,1,1,0,4
122,1,10013,1,1,0,4
178,0,25497,1,1,0,4
49,0,59326,1,1,0,4
24,0,65032,1,1,0,4
147,0,25636,1,1,0,4
98,1,194,1,1,0,4
248,0,42755,1,1,0,4
236,0,42741,1,1,0,4
26,0,15378,1,1,0,4
93,0,6852,1,1,0,4
199,1,41610,1,1,0,4
90,1,14128,1,1,0,4
117,0,51238,1,1,0,4
22,1,60767,1,1,0,4
8,1,6896,1,1,0,4
86,1,31147,1,1,0,4
184,0,29531,1,1,0,4
148,0,556,1,1,0,4
186,0,39520,1,1,0,4
134,1,4004,1,1,0,4
90,1,42472,1,1,0,4
196,1,1219,1,1,0,4
120,1,17080,1,1,0,4
67,1,122,1,1,0,4
103,1,54996,1,1,0,4
135,0,50362,1,1,0,4
248,0,22650,1,1,0,4
25,0,64487,1,1,0,4
39,0,10215,1,1,0,4
135,1,19673,1,1,0,4
145,1,8634,1,1,0,4
31,1,32812,1,1,0,4
147,0,2008,1,1,0,4
87,1,474,1,1,0,4
129,1,38577,1,1,0,4
214,0,11109,1,1,0,4
129,0,23204,1,1,0,4
238,1,31886,1,1,0,4
44,1,3745,1,1,0,4
106,0,17515,1,1,0,4
1,1,31950,1,1,0,4
91,1,52565,1,1,0,4
149,0,6677,1,1,0,4
231,1,53322,1,1,0,4
253,0,40307,1,1,0,4
70,0,40674,1,1,0,4
131,0,31558,1,1,0,4
56,0,11648,1,1,0,4
9,1,17637,1,1,0,4
82,1,4436,1,1,0,4
122,0,31866,1,1,0,4
109,0,37843,1,1,0,4
241,0,24158,1,1,0,4
132,0,42513,1,1,0,4
62,1,10371,1,1,0,4
147,1,11522,1,1,0,4
93,1,33753,1,1,0,4
119,0,3762,1,1,0,4
200,1,42373,1,1,0,4
92,1,57990,1,1,0,4
86,1,35653,1,1,0,4
30,0,44745,1,1,0,4
188,1,39958,1,1,0,4
248,1,57678,1,1,0,4
55,0,65114,1,1,0,4
140,1,38157,1,1,0,4
244,1,62842,1,1,0,4
212,0,34088,1,1,0,4
52,0,31468,1,1,0,4
213,1,2664,1,1,0,4
212,0,27225,1,1,0,4
69,0,49620,1,1,0,4
193,0,3653,1,1,0,4
125,0,35682,1,1,0,4
40,1,8541,1,1,0,4
230,0,15495,1,1,0,4
250,0,54131,1,1,0,4
199,1,40647,1,1,0,4
160,0,56449,1,1,0,4
184,1,19033,1,1,0,4
201,0,19945,1,1,0,4
75,0,51394,1,1,0,4
147,1,41802,1,1,0,4
45,1,41855,1,1,0,4
6,0,50897,1,1,0,4
47,0,31696,1,1,0,4
41,0,35586,1,1,0,4
90,0,20274,1,1,0,4
117,0,43562,1,1,0,4
251,0,10342,1,1,0,4
100,1,19747,1,1,0,4
223,0,41787,1,1,0,4
169,0,45295,1,1,0,4
8,1,35785,1,1,0,4
21,0,40220,1,1,0,4
144,0,9985,1,1,0,4
236,1,15855,1,1,0,4
234,1,9675,1,1,0,4
110,1,31092,1,1,0,4
243,0,29235,1,1,0,4
196,1,64526,1,1,0,4
205,0,55407,1,1,0,4
237,0,38289,1,1,0,4
31,0,33291,1,1,0,4
187,1,4654,1,1,0,4
170,1,7595,1,1,0,4
137,1,34217,1,1,0,4
73,1,18099,1,1,0,4
85,0,33275,1,1,0,4
59,0,62852,1,1,0,4
159,0,23593,1,1,0,4
175,0,47764,1,1,0,4
54,0,61704,1,1,0,4
215,0,40019,1,1,0,4
25,0,39197,1,1,0,4
128,0,1420,1,1,0,4
118,1,47372,1,1,0,4
34,0,6259,1,1,0,4
115,0,41246,1,1,0,4
212,1,53285,1,1,0,4
181,0,30197,1,1,0,4
94,0,19197,1,1,0,4
94,1,38757,1,1,0,4
38,0,11816,1,1,0,4
57,1,1174,1,1,0,4
21,0,23251,1,1,0,4
36,0,52393,1,1,0,4
12,1,20795,1,1,0,4
98,0,10634,1,1,0,4
224,0,27890,1,1,0,4
221,0,25679,1,1,0,4
99,0,50226,1,1,0,4
63,1,63042,1,1,0,4
223,1,15298,1,1,0,4
209,0,40210,1,1,0,4
14,0,10265,1,1,0,4
149,0,63669,1,1,0,4
110,0,1011,1,1,0,4
45,0,2342,1,1,0,4
111,0,49968,1,1,0,4
13,0,56111,1,1,0,4
17,1,19301,1,1,0,4
161,1,3745,1,1,0,4
238,0,4527,1,1,0,4
99,1,41501,1,1,0,4
200,1,1018,1,1,0,4
133,0,13319,1,1,0,4
188,0,28883,1,1,0,4
185,0,40750,1,1,0,4
54,0,1519,1,1,0,4
95,0,34475,1,1,0,4
75,1,32222,1,1,0,4
80,1,43761,1,1,0,4
113,0,34083,1,1,0,4
164,0,41674,1,1,0,4
111,0,56703,1,1,0,4
17,1,18346,1,1,0,4
21,1,39598,1,1,0,4
5,0,37377,1,1,0,4
235,0,20408,1,1,0,4
219,0,21685,1,1,0,4
8,0,26954,1,1,0,4
61,1,46113,1,1,0,4
171,1,9341,1,1,0,4
67,1,38613,1,1,0,4
179,0,23112,1,1,0,4
96,1,65431,1,1,0,4
249,1,29400,1,1,0,4
33,1,35945,1,1,0,4
182,0,15222,1,1,0,4
171,1,62486,1,1,0,4
155,0,32982,1,1,0,4
86,0,22916,1,1,0,4
174,0,55705,1,1,0,4
226,1,62300,1,1,0,4
155,0,62686,1,1,0,4
191,0,4369,1,1,0,4
231,0,33371,1,1,0,4
253,1,33124,1,1,0,4
